,coefficient,std_err,z_stat,p_value,odds_ratio,or_ci_low,or_ci_high
const,-3.536363,0.032307,-109.46177,0.0,0.029119,0.027332,0.031022
treatment_flag,0.141878,0.044337,3.200034,0.001374,1.152436,1.05652,1.257061
mobile_flag,0.248204,0.038662,6.419872,0.0,1.281722,1.188187,1.38262
treat_x_mobile,0.070733,0.05278,1.340143,0.180199,1.073295,0.967815,1.19027
