look,n_at_look,fraction,z_boundary,p_boundary,alpha_spent
1,7534,0.2,4.3826,1.2e-05,1.2e-05
2,15068,0.4,3.099,0.001942,0.001942
3,22602,0.6,2.5303,0.011396,0.011396
4,30136,0.8,2.1913,0.02843,0.02843
5,37671,1.0,1.96,0.05,0.05
